{
  "train_losses": [
    1.676961263122461,
    1.2928682521481039,
    1.1649131851123118,
    1.0742648609763825,
    1.009991524469517,
    0.9584708739729488,
    0.9053092473913031,
    0.8624221126136877,
    0.8207323125866063,
    0.7882034854815744,
    0.7563264395879663,
    0.7207900719417025,
    0.6955129480575357,
    0.6676987788408918,
    0.6450167700762639,
    0.6225313526742599,
    0.5928901892793758,
    0.5758509073415985,
    0.5504619359512768,
    0.5282520415532924,
    0.508363014368145,
    0.4904889467427188,
    0.4709932020558116,
    0.4488099285251344,
    0.43109727420312977,
    0.4138300598734785,
    0.39421500719111896,
    0.38174044194123935,
    0.3623453570753717,
    0.34874470650082656,
    0.33516143506292795,
    0.31499118954324357,
    0.3023945167470161,
    0.2895114103051098,
    0.27714946747893265,
    0.2633483303363061,
    0.2507660533003795,
    0.24108420457224103,
    0.228508611412152
  ],
  "train_accs": [
    37.93,
    53.304,
    57.914,
    61.206,
    63.62,
    65.652,
    67.84,
    69.238,
    70.83,
    71.824,
    72.96,
    74.224,
    75.316,
    76.252,
    77.112,
    77.76,
    79.006,
    79.52,
    80.452,
    81.232,
    81.874,
    82.67,
    83.282,
    83.834,
    84.5,
    85.168,
    85.874,
    86.348,
    87.004,
    87.462,
    88.026,
    88.714,
    89.148,
    89.544,
    90.0,
    90.604,
    91.02,
    91.208,
    91.752
  ],
  "val_losses": [
    1.33872602710241,
    1.1198891137219682,
    1.0385976863812796,
    1.0129407274572155,
    0.9290257533894309,
    0.9162824417971358,
    0.8725189951401723,
    0.8312963111491143,
    0.8233543385433245,
    0.7599302899988392,
    0.7411565003515799,
    0.7139678190026102,
    0.6744505491437791,
    0.6800735536255414,
    0.6806664527217045,
    0.638301518898976,
    0.6829541125629521,
    0.6056206264073336,
    0.6162238090853148,
    0.6026845359349553,
    0.5784627368933037,
    0.5923427184925804,
    0.5797482634646983,
    0.5577754185924048,
    0.5622359352021278,
    0.5526599397387686,
    0.5633771875991097,
    0.5583045625988441,
    0.5506042668336555,
    0.5715099135531655,
    0.5636819382257099,
    0.5573947712590422,
    0.587557969214041,
    0.5760764004308966,
    0.579835563520842,
    0.5744262571576275,
    0.5762453826167916,
    0.5835765317271028,
    0.582214083098158
  ],
  "val_accs": [
    52.51,
    59.45,
    62.66,
    63.25,
    67.09,
    66.83,
    69.26,
    69.95,
    70.74,
    73.26,
    73.62,
    74.54,
    75.79,
    76.61,
    76.39,
    77.72,
    76.0,
    79.07,
    78.72,
    79.6,
    79.96,
    79.94,
    79.78,
    80.77,
    81.22,
    81.23,
    80.9,
    81.46,
    81.59,
    81.4,
    81.63,
    82.24,
    81.72,
    81.79,
    82.42,
    82.51,
    82.55,
    82.56,
    82.71
  ],
  "best_val_acc": 82.71
}