{
  "train_losses": [
    1.8053315122696487,
    1.4235173098065637,
    1.2800745371390472,
    1.2071066771379926,
    1.140469939532605,
    1.0900272125886246,
    1.0407917430116371,
    0.9978696410967545,
    0.9680532288144935,
    0.9361396884037689,
    0.9026781432330608,
    0.876475680958141,
    0.8498857874761928,
    0.8274846376681869,
    0.7931124168363485,
    0.7768398543650453,
    0.7510203304277225,
    0.7362824012948708,
    0.7193137575787577,
    0.6903303626247428,
    0.6734056904573332,
    0.6538624296980825,
    0.6355948121371594,
    0.6151333711194721,
    0.6049560527740554,
    0.5872703645886346,
    0.5739082795652476,
    0.5599168399348855,
    0.5365559791468761,
    0.526600406081839,
    0.5136792854490605,
    0.5018628320910714,
    0.4879205050793561,
    0.46837180793624034,
    0.45960730441253295,
    0.4435463502833789,
    0.4381346463395113,
    0.4275841371748935,
    0.41805052177303215,
    0.41368500431152905,
    0.4104042153128169,
    0.39508411567658186,
    0.3922540161504664,
    0.3878379641947421,
    0.3851855378597975,
    0.38122816460037773,
    0.3762915521775457,
    0.3793776197020303,
    0.37463632522320206,
    0.3802806379442865
  ],
  "train_accs": [
    33.346666666666664,
    48.27333333333333,
    53.84888888888889,
    56.64666666666667,
    59.208888888888886,
    60.82888888888889,
    62.89333333333333,
    64.39777777777778,
    65.66888888888889,
    66.86,
    67.74888888888889,
    68.9,
    69.84444444444445,
    70.39111111111112,
    71.79333333333334,
    72.44222222222223,
    73.18444444444444,
    73.95777777777778,
    74.68444444444444,
    75.47111111111111,
    76.29333333333334,
    76.77777777777777,
    77.50444444444445,
    78.22666666666667,
    78.54,
    79.08222222222223,
    79.72,
    80.22,
    80.9,
    81.15555555555555,
    81.80444444444444,
    82.2311111111111,
    82.73333333333333,
    83.40222222222222,
    83.62222222222222,
    84.44,
    84.45333333333333,
    84.83111111111111,
    85.18222222222222,
    85.4,
    85.48666666666666,
    86.06666666666666,
    86.07777777777778,
    86.38,
    86.41555555555556,
    86.53111111111112,
    86.67111111111112,
    86.60888888888888,
    86.86444444444444,
    86.47333333333333
  ],
  "val_losses": [
    1.493290162086487,
    1.277159321308136,
    1.191528331488371,
    1.1464416295289994,
    1.1029959231615067,
    1.0436775028705596,
    0.9797345824539662,
    0.9607187926769256,
    0.9321032747626304,
    0.9463714018464089,
    0.8793599419295788,
    0.8554539486765862,
    0.8597676809877157,
    0.8339393109083175,
    0.8225280702114105,
    0.8417242217808962,
    0.8007137246429921,
    0.7747592616826295,
    0.7630716249346733,
    0.763587374985218,
    0.7508420955389739,
    0.7589149661362171,
    0.7182978438213468,
    0.7031156275421381,
    0.6940174808725714,
    0.7014834970235825,
    0.692024041339755,
    0.6748451631516218,
    0.6583975151181221,
    0.7277317697182297,
    0.6707404546439648,
    0.6847817800939083,
    0.6715879449620843,
    0.6674265853129328,
    0.6552041612565518,
    0.6469318612478674,
    0.6457466660998762,
    0.6642078842967749,
    0.6604990153107793,
    0.648177353432402,
    0.6461339243222028,
    0.6502133354544639,
    0.6454078064765781,
    0.6445614482276142,
    0.6493331487290561,
    0.6484962959308177,
    0.6466877460479736,
    0.644253968540579,
    0.6443859181366861,
    0.6449885912239551
  ],
  "val_accs": [
    45.7,
    53.4,
    55.98,
    57.84,
    59.36,
    62.18,
    64.64,
    65.64,
    66.56,
    65.96,
    68.66,
    69.42,
    68.9,
    69.7,
    70.72,
    71.04,
    71.52,
    73.04,
    73.14,
    73.4,
    73.64,
    73.4,
    74.36,
    75.36,
    75.86,
    75.42,
    76.52,
    77.28,
    77.34,
    75.5,
    77.12,
    77.62,
    77.34,
    77.96,
    78.24,
    78.46,
    78.64,
    78.36,
    78.16,
    78.44,
    78.58,
    78.9,
    78.74,
    78.94,
    78.92,
    78.98,
    78.98,
    78.98,
    78.96,
    78.96
  ],
  "best_val_acc": 78.98
}