{
  "train_losses": [
    1.8053315122696487,
    1.423568290404298,
    1.2802894611588933,
    1.2076433885165236,
    1.1414609573442827,
    1.091625720093196,
    1.042966566979885,
    1.001078586178747,
    0.9717927659777078,
    0.9417156561870467,
    0.9088726511055772,
    0.8846861781044439,
    0.8592131747440859,
    0.8385540231723677,
    0.8057295138185675,
    0.7920012939721346,
    0.768145516006784,
    0.755225270986557,
    0.7403465953062881,
    0.7132398836653341,
    0.7002401033585722,
    0.6816641285338185,
    0.664661495861682,
    0.6480112405155193,
    0.6399502485821192,
    0.6244350623508746,
    0.6142976321280003,
    0.6026839867911555,
    0.5817127386954698,
    0.5711016282439232,
    0.5615562438456849,
    0.5497031580148772,
    0.5356096522882581,
    0.5205108922144229,
    0.5124730593948201,
    0.5009267145598476,
    0.48910706634209916,
    0.4796487065878781,
    0.4666373176838864,
    0.46181992085819895,
    0.4547489838336002,
    0.4359988444908099,
    0.4308008688756011,
    0.417857676490464,
    0.411504401656037,
    0.3965837150727483,
    0.3893243710679764,
    0.38113793392073025,
    0.372159824706614,
    0.36681103045967495,
    0.3531348934735764,
    0.3465482478284023,
    0.3326357372782447,
    0.3294947742569176,
    0.32206926808099856,
    0.3212613678452643,
    0.3067545878108252,
    0.3039903209375387
  ],
  "train_accs": [
    33.346666666666664,
    48.27111111111111,
    53.833333333333336,
    56.64888888888889,
    59.175555555555555,
    60.757777777777775,
    62.89111111111111,
    64.21555555555555,
    65.54,
    66.62666666666667,
    67.55111111111111,
    68.58666666666667,
    69.47333333333333,
    69.97555555555556,
    71.22888888888889,
    71.77555555555556,
    72.68,
    73.23555555555555,
    73.89555555555556,
    74.76,
    75.38444444444444,
    75.94444444444444,
    76.44,
    76.9088888888889,
    77.0911111111111,
    77.90222222222222,
    78.24444444444444,
    78.68666666666667,
    79.38666666666667,
    79.77555555555556,
    79.99333333333334,
    80.44888888888889,
    80.86666666666666,
    81.64888888888889,
    81.86,
    82.27555555555556,
    82.67555555555556,
    82.78,
    83.40666666666667,
    83.67555555555556,
    83.86888888888889,
    84.52,
    84.74666666666667,
    85.08444444444444,
    85.38444444444444,
    85.86,
    86.25333333333333,
    86.46222222222222,
    87.10222222222222,
    86.95555555555555,
    87.55333333333333,
    87.76,
    88.33333333333333,
    88.32444444444444,
    88.70666666666666,
    88.6288888888889,
    89.39111111111112,
    89.11555555555556
  ],
  "val_losses": [
    1.493290162086487,
    1.2771893739700317,
    1.1917729198932647,
    1.147368524968624,
    1.1037515580654145,
    1.0453153982758523,
    0.9821112349629402,
    0.9638586208224297,
    0.938711004704237,
    0.9526586774736643,
    0.8856878682971001,
    0.8624689988791943,
    0.8571836270391942,
    0.8421845495700836,
    0.8227491930127144,
    0.8477156102657318,
    0.808891286700964,
    0.7758815787732601,
    0.7628092139959335,
    0.7753103673458099,
    0.7615512557327747,
    0.7617710068821907,
    0.7319780509918928,
    0.7224637165665626,
    0.7066001676023006,
    0.7211481139063836,
    0.7036587253212929,
    0.6921301193535327,
    0.6824261628091335,
    0.7227599117904902,
    0.6894902162253856,
    0.7044299267232418,
    0.6821774240583182,
    0.6599130861461162,
    0.6678748909384012,
    0.663056879863143,
    0.663663737103343,
    0.6666822239756585,
    0.6370386501774192,
    0.6666351071558893,
    0.6349298853427172,
    0.6510558068752289,
    0.6522752214223146,
    0.6308092296123504,
    0.6509164221584797,
    0.6465327605605126,
    0.6444527752697468,
    0.6272190276533365,
    0.636084496229887,
    0.6412355571985244,
    0.6755483087152243,
    0.6550957422703505,
    0.6287518337368965,
    0.6632989019155502,
    0.6396857224404812,
    0.6505729116499424,
    0.6405212735757232,
    0.658017524331808
  ],
  "val_accs": [
    45.7,
    53.42,
    55.98,
    57.8,
    59.3,
    62.22,
    64.18,
    65.52,
    66.54,
    65.82,
    68.52,
    69.22,
    68.78,
    69.58,
    70.86,
    70.68,
    70.48,
    72.98,
    72.86,
    72.54,
    73.04,
    73.06,
    73.72,
    74.54,
    75.44,
    75.18,
    76.0,
    76.66,
    76.62,
    74.58,
    76.18,
    76.2,
    76.96,
    77.36,
    77.6,
    77.3,
    77.92,
    77.42,
    78.78,
    77.66,
    78.76,
    78.42,
    78.86,
    78.96,
    79.0,
    78.9,
    78.7,
    79.62,
    79.6,
    79.48,
    78.82,
    79.22,
    80.2,
    79.38,
    80.42,
    80.12,
    80.06,
    79.88
  ],
  "best_val_acc": 80.42
}