{
  "train_losses": [
    1.783977702937343,
    1.4105169691822745,
    1.2881779098375277,
    1.1983295027166605,
    1.1336374291303484,
    1.0842251516878605,
    1.0329971498047763,
    1.00258362242444,
    0.9624624587595463,
    0.9332560940899632,
    0.8984904091127894,
    0.8767331460998817,
    0.8513436715372584,
    0.8218035166236487,
    0.7995605250312523,
    0.7794545421546156,
    0.7573529542847113,
    0.739210679280487,
    0.7304884754121304,
    0.7091880886053498,
    0.6938974265517159,
    0.6704926550896331,
    0.6607490790669214,
    0.6482093835418875,
    0.630107706412673,
    0.6186665509065444,
    0.6010049976916476,
    0.5927326719869267,
    0.5700327603315766,
    0.5643154022029855,
    0.5548666564070366,
    0.5343980105085806,
    0.525538287633522,
    0.5124333472922444,
    0.5059573461555622,
    0.4858317168598825,
    0.4766105476936156,
    0.4718542088839141,
    0.4566996522586454,
    0.4522747580300678,
    0.433880910446698,
    0.4246402866715057,
    0.4187958288768476,
    0.4145661423152143,
    0.4060654022138227,
    0.3972093619998883,
    0.38277025398036296,
    0.3783427129330283,
    0.36055064328353514,
    0.36186077386479487,
    0.349697599272159,
    0.33965785754844546,
    0.3387261041101407,
    0.3270245435309004,
    0.3186808423647149,
    0.31869584580206056,
    0.3053388974460011,
    0.3050445156933909,
    0.2920540537346493,
    0.2871880507604642
  ],
  "train_accs": [
    34.34444444444444,
    48.96,
    53.50666666666667,
    57.06444444444445,
    59.477777777777774,
    61.35111111111111,
    63.24888888888889,
    64.2688888888889,
    65.62,
    66.90222222222222,
    68.04222222222222,
    68.73333333333333,
    69.88888888888889,
    70.7,
    71.59555555555555,
    72.37555555555555,
    73.04444444444445,
    73.81555555555556,
    74.08666666666667,
    74.96,
    75.4,
    76.23555555555555,
    76.63111111111111,
    76.81777777777778,
    77.60222222222222,
    78.07111111111111,
    78.82444444444444,
    78.94666666666667,
    79.81777777777778,
    80.16888888888889,
    80.52666666666667,
    80.95333333333333,
    81.16,
    81.99777777777778,
    81.94222222222223,
    82.83555555555556,
    83.13777777777777,
    83.3711111111111,
    83.78666666666666,
    83.83555555555556,
    84.58444444444444,
    84.91555555555556,
    85.09555555555555,
    85.21333333333334,
    85.54,
    86.05555555555556,
    86.44,
    86.62444444444445,
    87.04888888888888,
    87.11777777777777,
    87.83555555555556,
    87.8711111111111,
    88.12444444444445,
    88.3711111111111,
    88.77111111111111,
    88.82444444444444,
    89.18888888888888,
    89.34444444444445,
    89.6511111111111,
    89.8711111111111
  ],
  "val_losses": [
    1.4624759644269942,
    1.2675407394766807,
    1.2495915368199348,
    1.1215151637792586,
    1.1182435616850852,
    1.029766919463873,
    0.9750811964273453,
    0.9555061213672161,
    0.9507745176553726,
    0.931377524882555,
    0.8897792264819145,
    0.8738147601485252,
    0.8795600451529026,
    0.8330064617097378,
    0.8143054597079754,
    0.8547715496271848,
    0.8038720689713955,
    0.7846779592335225,
    0.7878301404416561,
    0.7828697919845581,
    0.7514020949602127,
    0.7491933614015579,
    0.7413809761404991,
    0.733886182308197,
    0.6778070017695427,
    0.7197427913546562,
    0.6771697908639908,
    0.7093412771821022,
    0.7008960641920566,
    0.6697853609919548,
    0.6608005963265896,
    0.6614166863262654,
    0.6890258535742759,
    0.6761198475956917,
    0.6537050366401672,
    0.6543681897222996,
    0.6553046129643917,
    0.6434257857501506,
    0.6356526538729668,
    0.6360563457012176,
    0.6214276142418385,
    0.6260462239384651,
    0.6357431709766388,
    0.6256981641054153,
    0.6346853546798229,
    0.626149133592844,
    0.6472344402223825,
    0.6010712306946516,
    0.6151886567473411,
    0.6004232592880726,
    0.6016368784010411,
    0.6108129609376192,
    0.6053163945674896,
    0.6311223611235619,
    0.6160390809178352,
    0.619330694526434,
    0.6250903382897377,
    0.6043024711310864,
    0.6260426424443721,
    0.609740711003542
  ],
  "val_accs": [
    46.3,
    53.28,
    53.84,
    58.74,
    58.6,
    62.12,
    65.1,
    64.7,
    65.74,
    65.8,
    68.18,
    68.56,
    68.02,
    70.4,
    70.76,
    69.64,
    71.9,
    72.28,
    72.42,
    72.46,
    73.66,
    73.36,
    75.16,
    74.62,
    75.6,
    75.08,
    76.5,
    75.72,
    75.96,
    77.18,
    77.4,
    77.76,
    76.92,
    76.98,
    77.92,
    77.52,
    78.22,
    78.46,
    79.14,
    78.6,
    79.54,
    78.84,
    79.26,
    79.78,
    78.88,
    79.7,
    79.4,
    80.36,
    79.84,
    80.28,
    80.38,
    80.2,
    80.94,
    80.7,
    80.9,
    81.0,
    80.78,
    81.32,
    80.48,
    80.96
  ],
  "best_val_acc": 81.32
}