{
  "train_losses": [
    1.5893533516417988,
    1.2598884383125988,
    1.1322676861072745,
    1.0286310084945405,
    0.9494597927078872,
    0.8895624052837986,
    0.83884703167869,
    0.7890071603648193,
    0.7476753937009045,
    0.7201209667393619,
    0.6813300097994792,
    0.6532835669224829,
    0.6243968940604373,
    0.5977964183253706,
    0.569985164934412,
    0.5535674953399716,
    0.5247062693166611,
    0.5069817245159003,
    0.4825781199633313,
    0.46030082749893597,
    0.44725664253429986,
    0.42216521253823625,
    0.4076284947602645,
    0.38936486192371533,
    0.3752336135453275,
    0.3551640154989174,
    0.3423728807579221,
    0.32825410598531707,
    0.30958548012901754,
    0.295141591707154,
    0.2819614987391645,
    0.26794233241730636,
    0.25301978115916557,
    0.24252381147173666,
    0.2310930808715503,
    0.22054568739117258,
    0.2111937065639764,
    0.20330639593207928,
    0.1968105503398439,
    0.18941438480106462,
    0.18115616549768715,
    0.17661925710146995
  ],
  "train_accs": [
    41.454,
    54.612,
    59.112,
    63.36,
    66.11,
    68.424,
    70.208,
    72.114,
    73.422,
    74.518,
    76.062,
    76.894,
    77.886,
    78.756,
    79.934,
    80.478,
    81.446,
    82.096,
    82.81,
    83.696,
    83.976,
    85.118,
    85.462,
    86.212,
    86.554,
    87.418,
    87.83,
    88.33,
    88.974,
    89.468,
    89.868,
    90.41,
    90.998,
    91.248,
    91.61,
    92.046,
    92.288,
    92.714,
    93.024,
    93.226,
    93.486,
    93.776
  ],
  "val_losses": [
    1.3155064084861852,
    1.1304185790351675,
    1.0611914328381986,
    0.941304273997681,
    0.8549181094652489,
    0.8396741944023326,
    0.7723365312890161,
    0.7738192164445226,
    0.7160080784483801,
    0.6937593282023563,
    0.67584665779826,
    0.6427926470207262,
    0.6548016599462002,
    0.5949978507772277,
    0.5926227486586269,
    0.5828239102906818,
    0.559677455244185,
    0.5723385882528522,
    0.5557576561275916,
    0.552327088917358,
    0.5327788025518007,
    0.5147195103802259,
    0.5285102083713193,
    0.5295447262027596,
    0.5141480406628379,
    0.5033052107201347,
    0.5195339178737206,
    0.5039567351341248,
    0.49838426596001734,
    0.5056547990328149,
    0.494572403687465,
    0.48360979783384106,
    0.49511907296844676,
    0.49231674927699415,
    0.4932907231246369,
    0.5011580096015448,
    0.501671035455752,
    0.5043049988490117,
    0.5060685160039347,
    0.5076087439739252,
    0.5074320205404789,
    0.5072291766918158
  ],
  "val_accs": [
    52.86,
    60.29,
    61.49,
    66.93,
    69.56,
    69.96,
    73.01,
    73.19,
    74.96,
    75.78,
    76.49,
    77.91,
    77.11,
    79.49,
    79.55,
    79.97,
    80.74,
    80.27,
    80.82,
    81.62,
    81.99,
    82.68,
    82.61,
    82.42,
    83.06,
    83.58,
    82.72,
    83.66,
    83.89,
    83.79,
    84.16,
    84.65,
    84.68,
    84.87,
    84.69,
    84.51,
    85.03,
    84.84,
    84.98,
    84.84,
    84.94,
    85.16
  ],
  "best_val_acc": 85.16
}