{
  "train_losses": [
    1.675170321598687,
    1.3132930545855666,
    1.1780070362188626,
    1.0927536624776737,
    1.0218003881556907,
    0.9686228448472669,
    0.9233819782886359,
    0.8770932559771916,
    0.8359384512352517,
    0.797815598490293,
    0.770800250722929,
    0.7360260471358628,
    0.7033527943179431,
    0.680350468210552,
    0.6539294244840627,
    0.6268060266819147,
    0.5990906013247302,
    0.5808269857140758,
    0.5576155825953959,
    0.5314675762372858,
    0.5146694951655005,
    0.4898465553970288,
    0.4789112418356454,
    0.4581741196343966,
    0.4422334086559618,
    0.42220123466628284,
    0.4080525534918241,
    0.3868050407189542,
    0.376122812900092,
    0.35466370943104825,
    0.3404011334985723,
    0.3291342427663486,
    0.31333581760258933,
    0.2956773158915512,
    0.28688386532351795,
    0.2758171389741666,
    0.26503334661274003,
    0.25343816218626164,
    0.24646243464458933,
    0.23322960604792056,
    0.22998357789062174,
    0.2198818855730774
  ],
  "train_accs": [
    37.796,
    52.5,
    57.346,
    60.638,
    63.688,
    65.112,
    67.034,
    68.774,
    70.38,
    71.672,
    72.722,
    74.006,
    75.234,
    75.758,
    76.648,
    77.632,
    78.886,
    79.416,
    80.148,
    81.218,
    81.762,
    82.568,
    82.954,
    83.662,
    84.346,
    85.04,
    85.434,
    86.254,
    86.468,
    87.302,
    87.644,
    88.326,
    88.712,
    89.334,
    89.688,
    90.158,
    90.498,
    91.088,
    91.116,
    91.696,
    91.74,
    92.254
  ],
  "val_losses": [
    1.3878227834460102,
    1.1712025237988821,
    1.114133465893661,
    1.0017070747628998,
    0.9319729141042202,
    0.9227510751048221,
    0.9206576226632807,
    0.813285845744459,
    0.7881537223164039,
    0.7629301246208481,
    0.7392052879816369,
    0.7138731087310405,
    0.7274463987803157,
    0.6564412867721123,
    0.6725916696500175,
    0.6391349653654461,
    0.6202138160602956,
    0.6300000959559332,
    0.6113488447817066,
    0.6060560447505757,
    0.5729835712457005,
    0.5959317378605469,
    0.5781182186513008,
    0.5986593784410742,
    0.5485559105873108,
    0.5574102156524416,
    0.5476123279408563,
    0.5462638771609415,
    0.5358737231809881,
    0.5289581998994078,
    0.5528783817080003,
    0.5243604986727992,
    0.540275235342074,
    0.5404893835134144,
    0.5415095196494574,
    0.5477358911988102,
    0.5515523475559452,
    0.5463623661029188,
    0.5488137600919868,
    0.560648263821119,
    0.5607931161228614,
    0.5675866713252249
  ],
  "val_accs": [
    50.01,
    58.0,
    59.32,
    63.9,
    66.19,
    66.44,
    67.22,
    70.5,
    71.85,
    72.94,
    73.8,
    74.99,
    74.31,
    77.11,
    76.35,
    78.0,
    78.51,
    78.05,
    79.45,
    78.93,
    80.38,
    79.79,
    80.18,
    79.73,
    81.19,
    81.2,
    81.31,
    82.25,
    82.14,
    82.59,
    82.05,
    82.76,
    82.15,
    82.81,
    82.61,
    82.95,
    82.62,
    83.19,
    83.23,
    83.0,
    83.29,
    82.81
  ],
  "best_val_acc": 83.29
}