{
  "train_losses": [
    1.7062082524326714,
    1.3673710348931225,
    1.2482741160148925,
    1.156541764905507,
    1.081007926470854,
    1.0233028249984437,
    0.9649580686607144,
    0.9342239837754857,
    0.8922749823805961,
    0.8636211260137233,
    0.8304657893763348,
    0.7976353121074763,
    0.77849894922904,
    0.7555480101569132,
    0.7274761037393049,
    0.7048510269007899,
    0.6834142401137135,
    0.6593515137210488,
    0.6467673091048544,
    0.6329813243143938,
    0.6125686540353027,
    0.59563723443584,
    0.5827920663763176,
    0.5710171826014464,
    0.552061849612404,
    0.5381631653925235,
    0.5279669522900473,
    0.5123741579326716,
    0.5044895453717221,
    0.4868030231446028,
    0.47994026236913423,
    0.47014409028501675,
    0.45493088967420836,
    0.4371982347643511,
    0.4284281150691889,
    0.41762582111087715,
    0.4095814854583957,
    0.3976778421889652,
    0.3885769385590472,
    0.38406105957586656,
    0.3696965290318159,
    0.36295348808000033,
    0.35869646474549716,
    0.35052330838516355,
    0.34099209270524705,
    0.33399377847937023,
    0.32098697261376813,
    0.3122779177925126,
    0.3046481470069425,
    0.30012522091750393,
    0.29579119896516204,
    0.28158689332617953,
    0.27940623005005444,
    0.27330635280602356,
    0.2641728022559123,
    0.26642844652418385,
    0.25052143817513506,
    0.24941173166205938,
    0.24057467438449914,
    0.24305538069033486,
    0.2279657105999914,
    0.22850482557392257,
    0.22182876637882806,
    0.21413709775714035,
    0.213744578988884,
    0.20856288134713064,
    0.2011102516923777,
    0.20255118919621137,
    0.19318826938979328,
    0.19052910419519653
  ],
  "train_accs": [
    37.43555555555555,
    50.83777777777778,
    55.08,
    58.693333333333335,
    61.431111111111115,
    63.91111111111111,
    65.97333333333333,
    66.98444444444445,
    68.41333333333333,
    69.56666666666666,
    70.77777777777777,
    71.65333333333334,
    72.55333333333333,
    73.3711111111111,
    74.44444444444444,
    75.04444444444445,
    75.84444444444445,
    76.91555555555556,
    77.05333333333333,
    77.80222222222223,
    78.28444444444445,
    78.88888888888889,
    79.50444444444445,
    79.89555555555556,
    80.57555555555555,
    81.02666666666667,
    81.35777777777778,
    81.72666666666667,
    82.24444444444444,
    82.64666666666666,
    82.8711111111111,
    83.53555555555556,
    83.82444444444444,
    84.62222222222222,
    84.95555555555555,
    85.17333333333333,
    85.44888888888889,
    85.95555555555555,
    86.32444444444444,
    86.44222222222223,
    86.87777777777778,
    87.0911111111111,
    87.41333333333333,
    87.79555555555555,
    87.75777777777778,
    88.01555555555555,
    88.56666666666666,
    88.92444444444445,
    89.28,
    89.41111111111111,
    89.68666666666667,
    90.18,
    90.17777777777778,
    90.46444444444444,
    90.81555555555556,
    90.67111111111112,
    91.11111111111111,
    91.36222222222223,
    91.56444444444445,
    91.56222222222222,
    91.84666666666666,
    92.04888888888888,
    92.21333333333334,
    92.58666666666667,
    92.54444444444445,
    92.83333333333333,
    92.90222222222222,
    92.94888888888889,
    93.30444444444444,
    93.29555555555555
  ],
  "val_losses": [
    1.4114906549453736,
    1.2475626051425934,
    1.195134262740612,
    1.0853581354022026,
    1.0839499652385711,
    0.9771372437477112,
    0.9423455312848091,
    0.9253409639000892,
    0.8990615218877792,
    0.8685439810156822,
    0.8408688381314278,
    0.8256800130009652,
    0.8562015265226364,
    0.7975080072879791,
    0.7769465990364551,
    0.7804033413529397,
    0.7627042241394519,
    0.7310131013393402,
    0.7340639486908913,
    0.7112651959061622,
    0.7194723978638649,
    0.6924505949020385,
    0.7040086261928081,
    0.6759372636675834,
    0.6626640647649765,
    0.6752970933914184,
    0.6752181679010392,
    0.6695321470499038,
    0.6142422817647457,
    0.6274999976158142,
    0.6544662907719612,
    0.6111573994159698,
    0.6274557627737523,
    0.6479183107614517,
    0.6568516783416272,
    0.61171555519104,
    0.6052654422819614,
    0.622146376222372,
    0.6185684330761433,
    0.6161087557673455,
    0.6179924234747887,
    0.6183446735143662,
    0.609364103525877,
    0.5992747008800506,
    0.6025717005133628,
    0.607892831414938,
    0.6061236597597599,
    0.6033959906548262,
    0.6099067196249962,
    0.5938482575118542,
    0.6097130931913852,
    0.5969322204589844,
    0.5954368934035301,
    0.6096909336745739,
    0.6135221309959888,
    0.5975962840020657,
    0.616846714168787,
    0.5961017720401287,
    0.6187533564865589,
    0.5857452332973481,
    0.6115766197443009,
    0.6128646254539489,
    0.6180082090198994,
    0.6290772698819638,
    0.601233996450901,
    0.6140721306204796,
    0.6114041477441787,
    0.5939988985657692,
    0.6188837356865406,
    0.6084596369415521
  ],
  "val_accs": [
    48.4,
    55.16,
    56.42,
    60.68,
    59.26,
    64.6,
    65.96,
    66.48,
    67.8,
    69.14,
    70.2,
    70.32,
    70.12,
    72.28,
    72.22,
    72.28,
    73.34,
    74.2,
    73.56,
    74.78,
    74.68,
    75.44,
    75.5,
    76.04,
    76.36,
    76.34,
    76.96,
    77.12,
    78.3,
    78.44,
    77.72,
    79.08,
    79.36,
    78.06,
    78.62,
    79.72,
    79.8,
    79.9,
    79.4,
    80.2,
    79.8,
    79.8,
    79.72,
    80.48,
    80.3,
    80.8,
    81.2,
    80.56,
    80.7,
    80.96,
    81.08,
    81.84,
    81.42,
    81.28,
    81.26,
    81.6,
    81.44,
    82.04,
    81.64,
    82.16,
    81.74,
    82.08,
    82.38,
    81.64,
    82.4,
    82.34,
    82.66,
    82.84,
    82.04,
    82.74
  ],
  "best_val_acc": 82.84
}