{
  "train_losses": [
    1.7357330047948794,
    1.4049655425954948,
    1.2647772265428847,
    1.1667276251722465,
    1.0918550896035,
    1.0335577179423787,
    0.9829533040862192,
    0.9312745896591381,
    0.8920298113741658,
    0.8607216973535039,
    0.8177715846422043,
    0.795838026329875,
    0.7551008339293979,
    0.7373723059215329,
    0.6967506595802578,
    0.6714562431655147,
    0.6534079586748373,
    0.6261077396232974,
    0.6037419946356253,
    0.5903014535592361,
    0.5599934961646795,
    0.5365934313528917,
    0.5172875226390633,
    0.5005770715122874,
    0.47674370980398223,
    0.45797456047413027,
    0.4377551705322482,
    0.42321222254329105,
    0.4084484231742946,
    0.38591839538209816,
    0.3687581679445099,
    0.35049402506344696,
    0.33611374314535747,
    0.32206874730234797,
    0.30561334030194715,
    0.29101355526257644
  ],
  "train_accs": [
    35.45333333333333,
    49.26444444444444,
    54.13111111111111,
    57.782222222222224,
    60.82,
    62.91555555555556,
    64.73777777777778,
    66.76,
    68.10444444444444,
    69.36666666666666,
    71.08666666666667,
    71.74222222222222,
    73.15555555555555,
    73.80444444444444,
    75.33333333333333,
    75.98,
    76.80222222222223,
    77.82,
    78.56,
    79.00666666666666,
    79.97333333333333,
    80.6,
    81.63777777777777,
    82.31777777777778,
    83.12444444444445,
    83.56222222222222,
    84.3488888888889,
    85.02888888888889,
    85.39777777777778,
    86.28888888888889,
    86.90444444444445,
    87.46888888888888,
    87.87777777777778,
    88.25111111111111,
    89.12222222222222,
    89.47111111111111
  ],
  "val_losses": [
    1.4589729607105255,
    1.2511090159416198,
    1.206309075653553,
    1.0794320449233055,
    1.0559099853038787,
    0.9566134430468083,
    0.9380273774266243,
    0.883241155743599,
    0.8665270715951919,
    0.809843011200428,
    0.8074121840298176,
    0.7951785154640675,
    0.7949064835906029,
    0.7603885844349861,
    0.7136107340455056,
    0.7288016349077224,
    0.7114258028566838,
    0.6884442239999771,
    0.70333431661129,
    0.6550929889082908,
    0.6469999872148037,
    0.666079507023096,
    0.6532864794135094,
    0.650233506411314,
    0.6234921671450138,
    0.6126030303537846,
    0.6281162142753601,
    0.6329547993838787,
    0.619831258058548,
    0.6325762018561363,
    0.6387015923857688,
    0.6244091384112835,
    0.6309928655624389,
    0.6270970165729522,
    0.6284369267523289,
    0.6320917658507824
  ],
  "val_accs": [
    46.46,
    54.46,
    56.38,
    59.98,
    60.76,
    65.2,
    65.6,
    67.58,
    68.46,
    70.36,
    70.8,
    71.42,
    72.44,
    72.34,
    74.14,
    73.54,
    74.58,
    75.62,
    75.76,
    77.38,
    77.14,
    76.92,
    77.42,
    77.22,
    78.98,
    78.96,
    78.82,
    78.96,
    79.02,
    79.24,
    79.48,
    79.64,
    79.66,
    79.64,
    79.82,
    79.78
  ],
  "best_val_acc": 79.82
}